Cluster,Number of Documents,Num Nodes,Dimension,Diameter,Density,Cluster Coefficient
1,51,3823,18673,10,0.002555930921836531,0.09915245200091982
2,91,5767,43398,7,0.002610208031739668,0.1331454712670652
3,74,4683,24673,7,0.00225059001251767,0.0807022417555524
4,44,2606,9773,8,0.002879225999944024,0.07746662574101622
5,70,4746,24059,8,0.0021367003304207815,0.07492263913052304
6,20,3435,15329,9,0.0025990628859957664,0.09035337376579117
